time,avg_stress_xx_block,avg_stress_xx_side,moment_z
0,0,0,0
1,0.0095633475846171,0.0099894469854007,5400.9273406256
